STATION,DATE,LATITUDE,LONGITUDE,ELEVATION,NAME,TEMP,TEMP_ATTRIBUTES,DEWP,DEWP_ATTRIBUTES,SLP,SLP_ATTRIBUTES,STP,STP_ATTRIBUTES,VISIB,VISIB_ATTRIBUTES,WDSP,WDSP_ATTRIBUTES,MXSPD,GUST,MAX,MAX_ATTRIBUTES,MIN,MIN_ATTRIBUTES,PRCP,PRCP_ATTRIBUTES,SNDP,FRSHTT
1001599999,1/1/1995,61.383,5.867,327,"BRINGELAND, NO",26.4,10,18.3,10,9999.9,0,999.9,0,7,10,9,10,15,999.9,28.4,*,23,*,0,I,999.9,0
1001599999,1/2/1995,61.383,5.867,327,"BRINGELAND, NO",21.6,16,8,16,9999.9,0,999.9,0,6.4,16,5.1,16,12,22,26.6,*,15.8,*,0,I,999.9,0
1001599999,1/3/1995,61.383,5.867,327,"BRINGELAND, NO",25.1,14,13.4,14,9999.9,0,999.9,0,7,14,3.1,14,7,999.9,26.6,*,23,*,0,I,999.9,0
1001599999,1/4/1995,61.383,5.867,327,"BRINGELAND, NO",32.4,12,22.9,12,9999.9,0,999.9,0,6.7,12,11.9,12,15.9,32.1,33.8,*,30.2,*,99.99, ,999.9,11000
1001599999,1/5/1995,61.383,5.867,327,"BRINGELAND, NO",33.7,15,20.4,15,9999.9,0,999.9,0,5.7,15,16.2,15,21,32.1,35.6,*,28.4,*,99.99, ,999.9,1000
1001599999,1/6/1995,61.383,5.867,327,"BRINGELAND, NO",32.5,15,23.5,15,9999.9,0,999.9,0,6.6,15,12.8,15,19,32.1,33.8,*,30.2,*,99.99, ,999.9,1000
1001599999,1/7/1995,61.383,5.867,327,"BRINGELAND, NO",34.9,10,32.5,10,9999.9,0,999.9,0,6.4,9,13.1,10,15.9,29.9,37.4,*,33.8,*,99.99, ,999.9,11000
1001599999,1/8/1995,61.383,5.867,327,"BRINGELAND, NO",32.8,11,32.7,11,9999.9,0,999.9,0,4,11,7.3,11,9.9,20,35.6,*,30.2,*,99.99, ,999.9,1000
1001599999,1/9/1995,61.383,5.867,327,"BRINGELAND, NO",29.6,13,29.6,13,9999.9,0,999.9,0,3.5,13,3.3,13,6,999.9,32,*,24.8,*,99.99, ,999.9,1000
1001599999,1/10/1995,61.383,5.867,327,"BRINGELAND, NO",27.9,15,27.7,15,9999.9,0,999.9,0,5.2,15,3.3,15,8,999.9,37.4,*,26.6,*,99.99, ,999.9,1000
1001599999,1/11/1995,61.383,5.867,327,"BRINGELAND, NO",29.1,16,28.3,16,9999.9,0,999.9,0,3.3,16,1.6,16,2.9,999.9,32,*,24.8,*,99.99, ,999.9,101000
1001599999,1/12/1995,61.383,5.867,327,"BRINGELAND, NO",27.6,11,24.8,11,9999.9,0,999.9,0,7,11,4.3,11,7,999.9,32,*,24.8,*,0,I,999.9,0
1001599999,1/13/1995,61.383,5.867,327,"BRINGELAND, NO",34.4,14,34.4,14,9999.9,0,999.9,0,2.4,14,7,14,8.9,999.9,39.2,*,30.2,*,99.99, ,999.9,11000
1001599999,1/14/1995,61.383,5.867,327,"BRINGELAND, NO",38.7,7,38.7,7,9999.9,0,999.9,0,4.6,6,15.9,7,16.9,32.1,39.2,*,37.4,*,99.99, ,999.9,10000
1001599999,1/15/1995,61.383,5.867,327,"BRINGELAND, NO",32.3,6,32.3,6,9999.9,0,999.9,0,2.2,6,10.5,6,15.9,999.9,33.8,*,32,*,99.99, ,999.9,1000
1001599999,1/16/1995,61.383,5.867,327,"BRINGELAND, NO",40.5,15,36.8,15,9999.9,0,999.9,0,6.6,13,20,15,28.9,36.9,42.8,*,37.4,*,99.99, ,999.9,10000
1001599999,1/17/1995,61.383,5.867,327,"BRINGELAND, NO",34.6,11,33.1,11,9999.9,0,999.9,0,5.2,11,5.4,11,13,28.9,44.6,*,32,*,99.99, ,999.9,111000
1001599999,1/18/1995,61.383,5.867,327,"BRINGELAND, NO",39.3,14,33.2,14,9999.9,0,999.9,0,6.9,14,16.6,14,23.9,43.9,42.8,*,33.8,*,99.99, ,999.9,10000
1001599999,1/19/1995,61.383,5.867,327,"BRINGELAND, NO",37,17,21.5,17,9999.9,0,999.9,0,7,17,10.5,17,15,28,39.2,*,35.6,*,0,I,999.9,0
1001599999,1/20/1995,61.383,5.867,327,"BRINGELAND, NO",35.2,13,25.4,13,9999.9,0,999.9,0,5.9,12,17.8,13,23.9,37.9,37.4,*,32,*,99.99, ,999.9,11000
1001599999,1/21/1995,61.383,5.867,327,"BRINGELAND, NO",36.9,8,28.4,8,9999.9,0,999.9,0,5.2,8,13.5,8,19,32.1,39.2,*,32,*,99.99, ,999.9,1000
1001599999,1/22/1995,61.383,5.867,327,"BRINGELAND, NO",36.6,9,19,9,9999.9,0,999.9,0,7,9,15.8,9,21,37.9,37.4,*,35.6,*,0,I,999.9,0
1001599999,1/23/1995,61.383,5.867,327,"BRINGELAND, NO",29.6,12,15.9,12,9999.9,0,999.9,0,7,12,4.5,12,9.9,999.9,33.8,*,26.6,*,99.99, ,999.9,1000
1001599999,1/24/1995,61.383,5.867,327,"BRINGELAND, NO",25.8,13,23.8,13,9999.9,0,999.9,0,2.8,13,3.3,13,5.1,999.9,28.4,*,23,*,99.99, ,999.9,101000
1001599999,1/25/1995,61.383,5.867,327,"BRINGELAND, NO",27.8,12,27.8,12,9999.9,0,999.9,0,1.6,12,6.1,12,8,999.9,28.4,*,26.6,*,99.99, ,999.9,1000
1001599999,1/26/1995,61.383,5.867,327,"BRINGELAND, NO",28,15,28,15,9999.9,0,999.9,0,1.6,15,3.2,15,5.1,999.9,28.4,*,26.6,*,99.99, ,999.9,101000
1001599999,1/27/1995,61.383,5.867,327,"BRINGELAND, NO",25.1,16,24.8,16,9999.9,0,999.9,0,6,16,2.4,16,2.9,999.9,28.4,*,19.4,*,99.99, ,999.9,1000
1001599999,1/28/1995,61.383,5.867,327,"BRINGELAND, NO",18,10,16.3,10,9999.9,0,999.9,0,7,10,2.4,10,4.1,999.9,21.2,*,14,*,0,I,999.9,0
1001599999,1/29/1995,61.383,5.867,327,"BRINGELAND, NO",22.8,9,21.6,9,9999.9,0,999.9,0,4.6,9,4.3,9,7,999.9,26.6,*,19.4,*,99.99, ,999.9,1000
1001599999,1/30/1995,61.383,5.867,327,"BRINGELAND, NO",25.1,14,22.4,14,9999.9,0,999.9,0,6.5,14,3.7,14,5.1,999.9,28.4,*,19.4,*,99.99, ,999.9,1000
1001599999,1/31/1995,61.383,5.867,327,"BRINGELAND, NO",31,14,24.4,14,9999.9,0,999.9,0,4.2,14,14.8,14,27,36.9,37.4,*,26.6,*,99.99, ,999.9,11000
1001599999,2/1/1995,61.383,5.867,327,"BRINGELAND, NO",34.6,15,34,15,9999.9,0,999.9,0,4.1,13,9.9,15,18.1,30.9,37.4,*,32,*,99.99, ,999.9,111000
1001599999,2/2/1995,61.383,5.867,327,"BRINGELAND, NO",23,9,21.4,9,9999.9,0,999.9,0,5.5,8,6.9,9,11.1,999.9,24.8,*,21.2,*,99.99, ,999.9,1000
1001599999,2/3/1995,61.383,5.867,327,"BRINGELAND, NO",34.6,11,34.6,11,9999.9,0,999.9,0,3.8,11,12.7,11,18.1,32.1,37.4,*,30.2,*,99.99, ,999.9,11000
1001599999,2/4/1995,61.383,5.867,327,"BRINGELAND, NO",33.5,7,32.8,7,9999.9,0,999.9,0,7,7,14.5,7,18.1,999.9,35.6,*,32,*,0,I,999.9,0
1001599999,2/5/1995,61.383,5.867,327,"BRINGELAND, NO",36.6,9,36.6,9,9999.9,0,999.9,0,1.4,9,6.2,9,8,999.9,39.2,*,32,*,99.99, ,999.9,111000
1001599999,2/6/1995,61.383,5.867,327,"BRINGELAND, NO",31.9,15,30.4,15,9999.9,0,999.9,0,4.3,15,3.9,15,7,999.9,35.6,*,26.6,*,99.99, ,999.9,1000
1001599999,2/7/1995,61.383,5.867,327,"BRINGELAND, NO",26,14,25.6,14,9999.9,0,999.9,0,3.8,14,3.4,14,8.9,999.9,28.4,*,24.8,*,99.99, ,999.9,1000
1001599999,2/8/1995,61.383,5.867,327,"BRINGELAND, NO",22.4,12,20.4,12,9999.9,0,999.9,0,4.6,12,8.2,12,15.9,16.9,24.8,*,19.4,*,99.99, ,999.9,1000
1001599999,2/9/1995,61.383,5.867,327,"BRINGELAND, NO",23.5,14,23.5,14,9999.9,0,999.9,0,2.9,14,3.3,14,8,999.9,26.6,*,19.4,*,99.99, ,999.9,1000
1001599999,2/10/1995,61.383,5.867,327,"BRINGELAND, NO",20.1,13,20.1,13,9999.9,0,999.9,0,4.3,13,2,13,2.9,999.9,23,*,17.6,*,99.99, ,999.9,101000
1001599999,2/11/1995,61.383,5.867,327,"BRINGELAND, NO",20.6,9,18.4,9,9999.9,0,999.9,0,6.6,9,1.6,9,4.1,999.9,23,*,17.6,*,0,I,999.9,0
1001599999,2/12/1995,61.383,5.867,327,"BRINGELAND, NO",26.9,11,22,11,9999.9,0,999.9,0,5.2,11,6.4,11,18.1,28.9,28.4,*,24.8,*,99.99, ,999.9,1000
1001599999,2/13/1995,61.383,5.867,327,"BRINGELAND, NO",37,14,29.9,14,9999.9,0,999.9,0,5.7,14,6.9,14,15.9,999.9,44.6,*,32,*,99.99, ,999.9,11000
1001599999,2/14/1995,61.383,5.867,327,"BRINGELAND, NO",39.4,10,32.9,10,9999.9,0,999.9,0,6.5,10,10.7,10,13,22.9,42.8,*,35.6,*,99.99, ,999.9,10000
1001599999,2/15/1995,61.383,5.867,327,"BRINGELAND, NO",36.3,11,33.1,11,9999.9,0,999.9,0,5.3,9,10.2,11,15.9,27,39.2,*,33.8,*,99.99, ,999.9,11000
1001599999,2/16/1995,61.383,5.867,327,"BRINGELAND, NO",34.5,16,34.5,16,9999.9,0,999.9,0,5.3,15,6.9,16,12,22,37.4,*,32,*,99.99, ,999.9,11000
1001599999,2/17/1995,61.383,5.867,327,"BRINGELAND, NO",32.5,14,32.5,14,9999.9,0,999.9,0,5.1,14,2.5,14,4.1,999.9,35.6,*,32,*,99.99, ,999.9,1000
1001599999,2/18/1995,61.383,5.867,327,"BRINGELAND, NO",31.3,10,31.3,10,9999.9,0,999.9,0,1.2,10,3.2,10,5.1,999.9,32,*,30.2,*,99.99, ,999.9,101000
1001599999,2/19/1995,61.383,5.867,327,"BRINGELAND, NO",33.1,8,32.9,8,9999.9,0,999.9,0,3.1,8,6.1,8,16.9,27,33.8,*,32,*,99.99, ,999.9,111000
1001599999,2/20/1995,61.383,5.867,327,"BRINGELAND, NO",32.5,14,31.9,14,9999.9,0,999.9,0,4.8,14,6.3,14,8.9,999.9,35.6,*,32,*,99.99, ,999.9,101000
1001599999,2/21/1995,61.383,5.867,327,"BRINGELAND, NO",29.1,12,26.5,12,9999.9,0,999.9,0,6.7,12,3.9,12,6,999.9,30.2,*,26.6,*,99.99, ,999.9,1000
1001599999,2/22/1995,61.383,5.867,327,"BRINGELAND, NO",32.8,14,30.5,14,9999.9,0,999.9,0,4.1,14,6.6,14,15.9,999.9,35.6,*,30.2,*,99.99, ,999.9,1000
1001599999,2/23/1995,61.383,5.867,327,"BRINGELAND, NO",31.2,15,29.1,15,9999.9,0,999.9,0,3.8,15,3.2,15,6,999.9,33.8,*,28.4,*,99.99, ,999.9,101000
1001599999,2/24/1995,61.383,5.867,327,"BRINGELAND, NO",30,17,30,17,9999.9,0,999.9,0,2.5,17,3.9,17,8,999.9,32,*,26.6,*,99.99, ,999.9,1000
1001599999,2/25/1995,61.383,5.867,327,"BRINGELAND, NO",28.8,9,26.6,9,9999.9,0,999.9,0,6.3,9,3.4,9,6,999.9,32,*,24.8,*,0,I,999.9,100000
1001599999,2/26/1995,61.383,5.867,327,"BRINGELAND, NO",25.9,8,24.1,8,9999.9,0,999.9,0,5.3,8,2.7,8,4.1,999.9,26.6,*,24.8,*,99.99, ,999.9,1000
1001599999,2/27/1995,61.383,5.867,327,"BRINGELAND, NO",30.1,14,28.9,14,9999.9,0,999.9,0,2.9,14,11,14,16.9,28,33.8,*,24.8,*,99.99, ,999.9,1000
1001599999,2/28/1995,61.383,5.867,327,"BRINGELAND, NO",33.1,13,30.2,13,9999.9,0,999.9,0,4.8,13,11.5,13,20,33,35.6,*,30.2,*,99.99, ,999.9,11100
1001599999,3/1/1995,61.383,5.867,327,"BRINGELAND, NO",30.1,13,29.9,13,9999.9,0,999.9,0,2.6,13,6,13,9.9,999.9,32,*,28.4,*,99.99, ,999.9,111100
1001599999,3/2/1995,61.383,5.867,327,"BRINGELAND, NO",28.7,11,28.4,11,9999.9,0,999.9,0,4.2,11,2.7,11,4.1,999.9,32,*,24.8,*,99.99, ,999.9,101000
1001599999,3/3/1995,61.383,5.867,327,"BRINGELAND, NO",27.8,16,23.9,16,9999.9,0,999.9,0,7,16,2.8,16,5.1,999.9,35.6,*,21.2,*,99.99, ,999.9,1000
1001599999,3/4/1995,61.383,5.867,327,"BRINGELAND, NO",26.9,7,16.3,7,9999.9,0,999.9,0,7,7,1.8,7,2.9,999.9,33.8,*,15.8,*,0,I,999.9,0
1001599999,3/5/1995,61.383,5.867,327,"BRINGELAND, NO",28.2,8,11.5,8,9999.9,0,999.9,0,6.7,8,7.9,8,12,16.9,30.2,*,26.6,*,0,I,999.9,0
1001599999,3/6/1995,61.383,5.867,327,"BRINGELAND, NO",31.2,11,17.1,11,9999.9,0,999.9,0,6.7,11,7.1,11,11.1,999.9,35.6,*,26.6,*,0,I,999.9,0
1001599999,3/7/1995,61.383,5.867,327,"BRINGELAND, NO",32,11,23.8,11,9999.9,0,999.9,0,5.7,11,6,11,11.1,21,37.4,*,30.2,*,99.99, ,999.9,1000
1001599999,3/8/1995,61.383,5.867,327,"BRINGELAND, NO",36,16,20.6,16,9999.9,0,999.9,0,6.8,16,16.4,16,21,36.9,37.4,*,33.8,*,0,I,999.9,0
1001599999,3/9/1995,61.383,5.867,327,"BRINGELAND, NO",36.4,13,20.1,13,9999.9,0,999.9,0,7,13,10.3,13,13,999.9,37.4,*,35.6,*,0,I,999.9,0
1001599999,3/10/1995,61.383,5.867,327,"BRINGELAND, NO",36.1,14,18.8,14,9999.9,0,999.9,0,7,14,8,14,14,999.9,37.4,*,32,*,0,I,999.9,0
1001599999,3/11/1995,61.383,5.867,327,"BRINGELAND, NO",39.8,6,17,6,9999.9,0,999.9,0,6.2,6,14.3,6,20,32.1,41,*,37.4,*,0,I,999.9,0
1001599999,3/12/1995,61.383,5.867,327,"BRINGELAND, NO",36.7,5,33.8,5,9999.9,0,999.9,0,4,5,13.8,5,15.9,999.9,37.4,*,35.6,*,99.99, ,999.9,10000
1001599999,3/13/1995,61.383,5.867,327,"BRINGELAND, NO",42.1,15,29,15,9999.9,0,999.9,0,5.9,15,13.8,15,19,28.9,42.8,*,41,*,0,I,999.9,0
1001599999,3/14/1995,61.383,5.867,327,"BRINGELAND, NO",31.9,16,31.9,16,9999.9,0,999.9,0,1,16,5.3,16,11.1,999.9,33.8,*,30.2,*,99.99, ,999.9,111000
1001599999,3/15/1995,61.383,5.867,327,"BRINGELAND, NO",29.8,16,17.1,16,9999.9,0,999.9,0,6.8,16,7.6,16,13,999.9,32,*,24.8,*,99.99, ,999.9,1000
1001599999,3/16/1995,61.383,5.867,327,"BRINGELAND, NO",31.4,12,12.9,12,9999.9,0,999.9,0,7,12,8.9,12,13,22,33.8,*,26.6,*,0,I,999.9,0
1001599999,3/17/1995,61.383,5.867,327,"BRINGELAND, NO",32.6,16,31.9,16,9999.9,0,999.9,0,3.6,16,6.7,16,16.9,25.1,33.8,*,30.2,*,99.99, ,999.9,1000
1001599999,3/18/1995,61.383,5.867,327,"BRINGELAND, NO",30.4,8,27.9,8,9999.9,0,999.9,0,5.1,8,5.2,8,8.9,999.9,35.6,*,24.8,*,99.99, ,999.9,1000
1001599999,3/19/1995,61.383,5.867,327,"BRINGELAND, NO",35.3,7,28.9,7,9999.9,0,999.9,0,5.3,7,4.4,7,8,999.9,42.8,*,30.2,*,99.99, ,999.9,101000
1001599999,3/20/1995,61.383,5.867,327,"BRINGELAND, NO",32.6,13,31.2,13,9999.9,0,999.9,0,4.2,13,9.7,13,15.9,27,35.6,*,30.2,*,99.99, ,999.9,1000
1001599999,3/21/1995,61.383,5.867,327,"BRINGELAND, NO",31.7,12,22.7,12,9999.9,0,999.9,0,7,12,6.8,12,9.9,999.9,33.8,*,28.4,*,0,I,999.9,0
1001599999,3/22/1995,61.383,5.867,327,"BRINGELAND, NO",34.8,11,34.8,11,9999.9,0,999.9,0,0.6,11,4.6,11,6,999.9,37.4,*,30.2,*,99.99, ,999.9,111000
1001599999,3/23/1995,61.383,5.867,327,"BRINGELAND, NO",37,16,37,16,9999.9,0,999.9,0,3.9,16,5.6,16,8.9,999.9,39.2,*,33.8,*,99.99, ,999.9,110000
1001599999,3/24/1995,61.383,5.867,327,"BRINGELAND, NO",31.3,13,30.9,13,9999.9,0,999.9,0,3.1,13,4.1,13,9.9,999.9,32,*,30.2,*,99.99, ,999.9,101000
1001599999,3/25/1995,61.383,5.867,327,"BRINGELAND, NO",30.6,8,26.4,8,9999.9,0,999.9,0,4.8,8,5.2,8,8,999.9,32,*,28.4,*,99.99, ,999.9,1000
1001599999,3/26/1995,61.383,5.867,327,"BRINGELAND, NO",29.7,7,25.6,7,9999.9,0,999.9,0,6.2,7,10.7,7,15.9,26,30.2,*,28.4,*,99.99, ,999.9,1000
1001599999,3/27/1995,61.383,5.867,327,"BRINGELAND, NO",22,13,20.5,13,9999.9,0,999.9,0,1.9,13,12.2,13,16.9,28.9,23,*,19.4,*,99.99, ,999.9,1000
1001599999,3/28/1995,61.383,5.867,327,"BRINGELAND, NO",24.4,13,23.8,13,9999.9,0,999.9,0,6.5,13,4.5,13,8,999.9,28.4,*,21.2,*,99.99, ,999.9,1000
1001599999,3/29/1995,61.383,5.867,327,"BRINGELAND, NO",31.8,9,30,9,9999.9,0,999.9,0,7,9,4.8,9,8,999.9,37.4,*,26.6,*,0,I,999.9,0
1001599999,3/30/1995,61.383,5.867,327,"BRINGELAND, NO",33.1,13,25.6,13,9999.9,0,999.9,0,6.5,13,12.6,13,20,999.9,35.6,*,28.4,*,99.99, ,999.9,1000
1001599999,3/31/1995,61.383,5.867,327,"BRINGELAND, NO",37,15,36.2,15,9999.9,0,999.9,0,4,15,6.7,15,11.1,999.9,39.2,*,33.8,*,99.99, ,999.9,10000
1001599999,4/1/1995,61.383,5.867,327,"BRINGELAND, NO",32.4,9,32.4,9,9999.9,0,999.9,0,2.1,9,7.3,9,9.9,999.9,33.8,*,30.2,*,99.99, ,999.9,101000
1001599999,4/2/1995,61.383,5.867,327,"BRINGELAND, NO",27.6,9,23.4,9,9999.9,0,999.9,0,5,9,14.3,9,18.1,32.1,28.4,*,26.6,*,99.99, ,999.9,1000
1001599999,4/3/1995,61.383,5.867,327,"BRINGELAND, NO",25.9,17,25.2,17,9999.9,0,999.9,0,3.5,17,6.2,17,15,999.9,30.2,*,23,*,99.99, ,999.9,1000
1001599999,4/4/1995,61.383,5.867,327,"BRINGELAND, NO",26.4,16,23.4,16,9999.9,0,999.9,0,3.7,16,11.8,16,19,23.9,28.4,*,24.8,*,99.99, ,999.9,1000
1001599999,4/5/1995,61.383,5.867,327,"BRINGELAND, NO",29.5,15,27.9,15,9999.9,0,999.9,0,3.9,15,4,15,6,999.9,32,*,24.8,*,99.99, ,999.9,1000
1001599999,4/6/1995,61.383,5.867,327,"BRINGELAND, NO",35.6,14,35.5,14,9999.9,0,999.9,0,2.4,14,4.8,14,7,999.9,39.2,*,32,*,99.99, ,999.9,110000
1001599999,4/7/1995,61.383,5.867,327,"BRINGELAND, NO",33.3,14,29.9,13,9999.9,0,999.9,0,4.5,14,10.9,14,15.9,25.1,35.6,*,32,*,99.99, ,999.9,11000
1001599999,4/8/1995,61.383,5.867,327,"BRINGELAND, NO",30.4,9,26.8,8,9999.9,0,999.9,0,7,8,6.8,9,11.1,999.9,32,*,28.4,*,99.99, ,999.9,1000
1001599999,4/9/1995,61.383,5.867,327,"BRINGELAND, NO",33.1,10,18.7,10,9999.9,0,999.9,0,7,10,5.2,9,7,999.9,35.6,*,28.4,*,0,I,999.9,0
1001599999,4/10/1995,61.383,5.867,327,"BRINGELAND, NO",30.5,11,30.4,11,9999.9,0,999.9,0,1.7,11,2.8,11,5.1,999.9,32,*,26.6,*,99.99, ,999.9,111000
1001599999,4/11/1995,61.383,5.867,327,"BRINGELAND, NO",36.6,11,35.8,11,9999.9,0,999.9,0,5.6,11,6.6,11,12,999.9,41,*,33.8,*,99.99, ,999.9,110000
1001599999,4/12/1995,61.383,5.867,327,"BRINGELAND, NO",40,15,39,15,9999.9,0,999.9,0,5.5,15,4.2,15,7,999.9,44.6,*,37.4,*,99.99, ,999.9,110000
1001599999,4/13/1995,61.383,5.867,327,"BRINGELAND, NO",40.5,7,38.7,7,9999.9,0,999.9,0,7,7,4.7,7,7,999.9,42.8,*,37.4,*,0,I,999.9,0
1001599999,4/15/1995,61.383,5.867,327,"BRINGELAND, NO",37.4,5,22.6,5,9999.9,0,999.9,0,7,4,10.4,5,11.1,20,9999.9, ,9999.9, ,0,I,999.9,0
1001599999,4/16/1995,61.383,5.867,327,"BRINGELAND, NO",33.5,7,24,7,9999.9,0,999.9,0,7,7,4.3,7,6,999.9,35.6,*,30.2,*,0,I,999.9,0
1001599999,4/17/1995,61.383,5.867,327,"BRINGELAND, NO",32.7,11,18.6,11,9999.9,0,999.9,0,7,11,5.9,11,8,999.9,35.6,*,21.2,*,0,I,999.9,0
1001599999,4/18/1995,61.383,5.867,327,"BRINGELAND, NO",32.6,14,26.5,14,9999.9,0,999.9,0,5.8,14,3.9,14,11.1,999.9,41,*,26.6,*,99.99, ,999.9,1000
1001599999,4/19/1995,61.383,5.867,327,"BRINGELAND, NO",33.4,14,25.3,14,9999.9,0,999.9,0,5.9,14,4.3,14,8.9,999.9,39.2,*,24.8,*,99.99, ,999.9,101000
1001599999,4/20/1995,61.383,5.867,327,"BRINGELAND, NO",36.8,15,26.6,15,9999.9,0,999.9,0,5.5,15,6.2,15,12,999.9,41,*,32,*,99.99, ,999.9,1000
1001599999,4/21/1995,61.383,5.867,327,"BRINGELAND, NO",35.9,12,25.6,12,9999.9,0,999.9,0,6.7,12,5.7,12,14,999.9,41,*,26.6,*,99.99, ,999.9,1000
1001599999,4/22/1995,61.383,5.867,327,"BRINGELAND, NO",42.3,7,24,7,9999.9,0,999.9,0,6.9,7,5.7,7,8,999.9,44.6,*,35.6,*,0,I,999.9,0
1001599999,4/23/1995,61.383,5.867,327,"BRINGELAND, NO",53.9,6,34.4,6,9999.9,0,999.9,0,6.2,6,4.7,6,7,999.9,55.4,*,50,*,0,I,999.9,0
1001599999,4/24/1995,61.383,5.867,327,"BRINGELAND, NO",50.2,15,36.6,15,9999.9,0,999.9,0,6.2,15,6.8,15,8.9,999.9,55.4,*,42.8,*,0,I,999.9,0
1001599999,4/25/1995,61.383,5.867,327,"BRINGELAND, NO",43.7,14,36.5,14,9999.9,0,999.9,0,6.3,14,10.4,14,13,999.9,46.4,*,41,*,0,I,999.9,0
1001599999,4/26/1995,61.383,5.867,327,"BRINGELAND, NO",41.4,15,32.7,15,9999.9,0,999.9,0,7,15,6.7,15,12,19,46.4,*,37.4,*,0,I,999.9,0
1001599999,4/27/1995,61.383,5.867,327,"BRINGELAND, NO",38.4,17,22.7,17,9999.9,0,999.9,0,7,17,5.1,17,8.9,999.9,41,*,33.8,*,0,I,999.9,0
1001599999,4/28/1995,61.383,5.867,327,"BRINGELAND, NO",35.8,16,28.8,16,9999.9,0,999.9,0,5.3,16,4,16,9.9,999.9,41,*,32,*,99.99, ,999.9,101000
1001599999,4/29/1995,61.383,5.867,327,"BRINGELAND, NO",33.6,8,23.7,8,9999.9,0,999.9,0,6.2,8,3.6,8,8,999.9,39.2,*,28.4,*,0,I,999.9,0
1001599999,4/30/1995,61.383,5.867,327,"BRINGELAND, NO",40.5,4,15.3,4,9999.9,0,999.9,0,6.2,4,4.2,4,6,999.9,41,*,39.2,*,0,I,999.9,0
1001599999,5/1/1995,61.383,5.867,327,"BRINGELAND, NO",41.6,9,26.6,9,9999.9,0,999.9,0,7,9,9.2,9,15.9,999.9,42.8,*,39.2,*,99.99, ,999.9,10000
1001599999,5/2/1995,61.383,5.867,327,"BRINGELAND, NO",47.5,17,33.3,17,9999.9,0,999.9,0,6.9,17,8.5,17,16.9,22.9,50,*,41,*,0,I,999.9,0
1001599999,5/3/1995,61.383,5.867,327,"BRINGELAND, NO",42,13,42,13,9999.9,0,999.9,0,0.9,13,4.1,13,7,999.9,42.8,*,41,*,99.99, ,999.9,110000
1001599999,5/4/1995,61.383,5.867,327,"BRINGELAND, NO",47.9,14,39.6,14,9999.9,0,999.9,0,6.8,14,3.5,14,7,999.9,53.6,*,39.2,*,0,I,999.9,100000
1001599999,5/5/1995,61.383,5.867,327,"BRINGELAND, NO",41.6,14,41.5,14,9999.9,0,999.9,0,2.5,14,5,14,8.9,999.9,42.8,*,39.2,*,99.99, ,999.9,110000
1001599999,5/6/1995,61.383,5.867,327,"BRINGELAND, NO",39.4,9,39.4,9,9999.9,0,999.9,0,1.1,9,7,9,11.1,999.9,41,*,39.2,*,99.99, ,999.9,110000
1001599999,5/7/1995,61.383,5.867,327,"BRINGELAND, NO",46.7,11,35.3,11,9999.9,0,999.9,0,6.7,10,4,11,5.1,999.9,51.8,*,39.2,*,0,I,999.9,100000
1001599999,5/8/1995,61.383,5.867,327,"BRINGELAND, NO",45.7,13,33.4,13,9999.9,0,999.9,0,7,13,7.8,13,12,999.9,48.2,*,41,*,99.99, ,999.9,10000
1001599999,5/9/1995,61.383,5.867,327,"BRINGELAND, NO",44.8,15,31.5,15,9999.9,0,999.9,0,6.8,15,8.1,15,12,999.9,48.2,*,39.2,*,0,I,999.9,0
1001599999,5/10/1995,61.383,5.867,327,"BRINGELAND, NO",37.7,14,24,14,9999.9,0,999.9,0,6.8,14,8.5,14,12,999.9,39.2,*,33.8,*,0,I,999.9,0
1001599999,5/11/1995,61.383,5.867,327,"BRINGELAND, NO",37.6,15,22.8,15,9999.9,0,999.9,0,6.7,15,6.7,15,8.9,999.9,41,*,30.2,*,0,I,999.9,0
1001599999,5/12/1995,61.383,5.867,327,"BRINGELAND, NO",36.6,12,27.3,12,9999.9,0,999.9,0,7,12,5.9,12,12,999.9,42.8,*,32,*,0,I,999.9,0
1001599999,5/13/1995,61.383,5.867,327,"BRINGELAND, NO",39.7,7,25.1,7,9999.9,0,999.9,0,7,7,3.4,7,6,999.9,44.6,*,33.8,*,0,I,999.9,0
1001599999,5/14/1995,61.383,5.867,327,"BRINGELAND, NO",40.2,9,23.4,9,9999.9,0,999.9,0,6.7,9,9.3,9,16.9,999.9,44.6,*,33.8,*,99.99, ,999.9,11000
1001599999,5/15/1995,61.383,5.867,327,"BRINGELAND, NO",35.6,14,30.7,14,9999.9,0,999.9,0,6.2,14,5,14,9.9,999.9,37.4,*,32,*,99.99, ,999.9,1000
1001599999,5/16/1995,61.383,5.867,327,"BRINGELAND, NO",36.6,14,28.4,14,9999.9,0,999.9,0,7,14,8.2,14,11.1,999.9,39.2,*,33.8,*,99.99, ,999.9,1000
1001599999,5/17/1995,61.383,5.867,327,"BRINGELAND, NO",35.9,6,33.8,6,9999.9,0,999.9,0,6.2,6,8.2,6,11.1,999.9,37.4,*,32,*,99.99, ,999.9,1000
1001599999,5/18/1995,61.383,5.867,327,"BRINGELAND, NO",36.2,14,29.6,14,9999.9,0,999.9,0,7,14,5,14,9.9,999.9,39.2,*,30.2,*,99.99, ,999.9,1000
1001599999,5/19/1995,61.383,5.867,327,"BRINGELAND, NO",34.2,14,30.8,14,9999.9,0,999.9,0,5.5,14,5.7,14,13,27,39.2,*,32,*,99.99, ,999.9,11100
1001599999,5/20/1995,61.383,5.867,327,"BRINGELAND, NO",32.7,8,32,8,9999.9,0,999.9,0,1.1,8,4.9,8,13,22.9,33.8,*,32,*,99.99, ,999.9,1000
1001599999,5/21/1995,61.383,5.867,327,"BRINGELAND, NO",40,7,23.5,7,9999.9,0,999.9,0,6.9,7,4.9,7,6,999.9,41,*,37.4,*,0,I,999.9,0
1001599999,5/22/1995,61.383,5.867,327,"BRINGELAND, NO",46.7,14,24.9,14,9999.9,0,999.9,0,6.5,14,5.5,14,12,999.9,50,*,33.8,*,0,I,999.9,0
1001599999,5/23/1995,61.383,5.867,327,"BRINGELAND, NO",48.6,14,28.5,14,9999.9,0,999.9,0,6.4,14,4.3,14,8.9,999.9,53.6,*,41,*,0,I,999.9,0
1001599999,5/24/1995,61.383,5.867,327,"BRINGELAND, NO",51.1,13,33.9,13,9999.9,0,999.9,0,6.3,13,3.8,13,6,999.9,55.4,*,42.8,*,99.99, ,999.9,10000
1001599999,5/25/1995,61.383,5.867,327,"BRINGELAND, NO",57.9,8,39.9,8,9999.9,0,999.9,0,7,8,5.4,8,7,999.9,60.8,*,55.4,*,0,I,999.9,0
1001599999,5/26/1995,61.383,5.867,327,"BRINGELAND, NO",57.6,17,41.1,17,9999.9,0,999.9,0,7,17,6.2,17,12,22.9,62.6,*,50,*,99.99, ,999.9,10000
1001599999,5/27/1995,61.383,5.867,327,"BRINGELAND, NO",54.6,9,38.8,9,9999.9,0,999.9,0,7,9,8.1,9,11.1,999.9,59,*,50,*,0,I,999.9,0
1001599999,5/28/1995,61.383,5.867,327,"BRINGELAND, NO",59.4,10,43,10,9999.9,0,999.9,0,7,10,8,10,8.9,999.9,62.6,*,55.4,*,0,I,999.9,0
1001599999,5/29/1995,61.383,5.867,327,"BRINGELAND, NO",51.5,11,49,11,9999.9,0,999.9,0,7,11,3.8,11,8,999.9,55.4,*,50,*,99.99, ,999.9,10000
1001599999,5/30/1995,61.383,5.867,327,"BRINGELAND, NO",55.9,12,43.3,12,9999.9,0,999.9,0,6.9,12,5.2,12,8.9,18.1,60.8,*,46.4,*,0,I,999.9,0
1001599999,5/31/1995,61.383,5.867,327,"BRINGELAND, NO",54.7,16,44.2,16,9999.9,0,999.9,0,7,16,5.1,16,8,999.9,60.8,*,46.4,*,0,I,999.9,0
1001599999,6/1/1995,61.383,5.867,327,"BRINGELAND, NO",46.9,11,45.7,11,9999.9,0,999.9,0,3.4,11,5.8,11,8,999.9,53.6,*,41,*,0,I,999.9,100000
1001599999,6/2/1995,61.383,5.867,327,"BRINGELAND, NO",47.4,15,43.6,15,9999.9,0,999.9,0,6.7,15,7.7,15,13,999.9,50,*,44.6,*,99.99, ,999.9,10000
1001599999,6/3/1995,61.383,5.867,327,"BRINGELAND, NO",50.5,11,41.2,11,9999.9,0,999.9,0,7,11,3.6,11,5.1,999.9,55.4,*,44.6,*,0,I,999.9,0
1001599999,6/4/1995,61.383,5.867,327,"BRINGELAND, NO",60.3,7,39.5,7,9999.9,0,999.9,0,6.9,7,7.2,7,16.9,999.9,62.6,*,57.2,*,0,I,999.9,0
1001599999,6/5/1995,61.383,5.867,327,"BRINGELAND, NO",52.8,7,48.2,7,9999.9,0,999.9,0,5.1,7,5.9,7,9.9,999.9,59,*,48.2,*,99.99, ,999.9,110000
1001599999,6/6/1995,61.383,5.867,327,"BRINGELAND, NO",47.2,15,43.4,15,9999.9,0,999.9,0,4.1,15,3.9,15,7,999.9,51.8,*,42.8,*,99.99, ,999.9,110000
1001599999,6/7/1995,61.383,5.867,327,"BRINGELAND, NO",49.4,14,41,14,9999.9,0,999.9,0,7,14,5.4,14,12,999.9,55.4,*,42.8,*,99.99, ,999.9,10000
1001599999,6/8/1995,61.383,5.867,327,"BRINGELAND, NO",56.5,13,41.7,13,9999.9,0,999.9,0,6.9,13,9.6,13,15.9,999.9,62.6,*,48.2,*,0,I,999.9,0
1001599999,6/9/1995,61.383,5.867,327,"BRINGELAND, NO",49.6,15,45.4,15,9999.9,0,999.9,0,6.2,15,4.9,15,8,999.9,53.6,*,46.4,*,99.99, ,999.9,110000
1001599999,6/10/1995,61.383,5.867,327,"BRINGELAND, NO",47.9,7,46.9,7,9999.9,0,999.9,0,7,7,5.7,7,8.9,999.9,51.8,*,44.6,*,99.99, ,999.9,10000
1001599999,6/11/1995,61.383,5.867,327,"BRINGELAND, NO",52.3,7,38.4,7,9999.9,0,999.9,0,7,7,9.2,7,12,999.9,53.6,*,50,*,0,I,999.9,0
1001599999,6/12/1995,61.383,5.867,327,"BRINGELAND, NO",54.6,16,37.3,16,9999.9,0,999.9,0,6.7,16,8.2,16,12,999.9,59,*,42.8,*,0,I,999.9,0
1001599999,6/13/1995,61.383,5.867,327,"BRINGELAND, NO",57.9,17,38.7,17,9999.9,0,999.9,0,6.7,17,8.9,17,12,999.9,62.6,*,48.2,*,0,I,999.9,0
1001599999,6/14/1995,61.383,5.867,327,"BRINGELAND, NO",59.4,15,42.8,15,9999.9,0,999.9,0,6.8,15,9.2,15,12,999.9,64.4,*,50,*,0,I,999.9,0
1001599999,6/15/1995,61.383,5.867,327,"BRINGELAND, NO",58.9,14,50.1,14,9999.9,0,999.9,0,7,14,6.6,14,13,999.9,64.4,*,51.8,*,99.99, ,999.9,10000
1001599999,6/16/1995,61.383,5.867,327,"BRINGELAND, NO",53.3,13,52.1,13,9999.9,0,999.9,0,5.1,13,4.2,13,8.9,999.9,57.2,*,51.8,*,99.99, ,999.9,110000
1001599999,6/17/1995,61.383,5.867,327,"BRINGELAND, NO",53.9,7,44.9,7,9999.9,0,999.9,0,7,7,3.7,7,7,16.9,57.2,*,50,*,0,I,999.9,0
1001599999,6/18/1995,61.383,5.867,327,"BRINGELAND, NO",46.4,6,46.4,6,9999.9,0,999.9,0,2.4,6,7.9,6,11.1,21,48.2,*,42.8,*,99.99, ,999.9,10000
1001599999,6/19/1995,61.383,5.867,327,"BRINGELAND, NO",50.2,15,40.4,15,9999.9,0,999.9,0,6.6,15,5.1,15,8,999.9,53.6,*,42.8,*,99.99, ,999.9,10000
1001599999,6/20/1995,61.383,5.867,327,"BRINGELAND, NO",50.6,15,46.5,15,9999.9,0,999.9,0,5.4,15,4.7,15,8.9,999.9,55.4,*,44.6,*,99.99, ,999.9,110000
1001599999,6/21/1995,61.383,5.867,327,"BRINGELAND, NO",45,16,44,16,9999.9,0,999.9,0,6.2,15,6.5,16,12,22,48.2,*,42.8,*,99.99, ,999.9,10000
1001599999,6/22/1995,61.383,5.867,327,"BRINGELAND, NO",48.2,12,41,12,9999.9,0,999.9,0,7,12,7.9,12,11.1,999.9,53.6,*,41,*,0,I,999.9,0
1001599999,6/23/1995,61.383,5.867,327,"BRINGELAND, NO",56.2,14,46.1,14,9999.9,0,999.9,0,6.3,14,7,14,11.1,999.9,60.8,*,46.4,*,0,I,999.9,0
1001599999,6/24/1995,61.383,5.867,327,"BRINGELAND, NO",65.8,9,52.8,9,9999.9,0,999.9,0,6.2,9,9,9,12,999.9,69.8,*,53.6,*,0,I,999.9,0
1001599999,6/25/1995,61.383,5.867,327,"BRINGELAND, NO",65,12,55.3,12,9999.9,0,999.9,0,6.3,12,6.9,12,12,999.9,71.6,*,51.8,*,0,I,999.9,0
1001599999,6/26/1995,61.383,5.867,327,"BRINGELAND, NO",60.9,15,47.1,15,9999.9,0,999.9,0,6.5,15,8.4,15,13,999.9,66.2,*,50,*,0,I,999.9,0
1001599999,6/27/1995,61.383,5.867,327,"BRINGELAND, NO",63.8,14,43.2,14,9999.9,0,999.9,0,6.2,14,6.5,14,11.1,999.9,71.6,*,51.8,*,0,I,999.9,0
1001599999,6/28/1995,61.383,5.867,327,"BRINGELAND, NO",54.5,12,44,12,9999.9,0,999.9,0,7,12,7,12,14,999.9,60.8,*,48.2,*,0,I,999.9,0
1001599999,6/29/1995,61.383,5.867,327,"BRINGELAND, NO",51.3,15,36.3,15,9999.9,0,999.9,0,7,15,7.4,15,11.1,999.9,55.4,*,44.6,*,0,I,999.9,0
1001599999,6/30/1995,61.383,5.867,327,"BRINGELAND, NO",48.3,15,36.4,15,9999.9,0,999.9,0,7,12,7.2,15,14,22,53.6,*,42.8,*,0,I,999.9,0
1001599999,7/1/1995,61.383,5.867,327,"BRINGELAND, NO",49,9,34,9,9999.9,0,999.9,0,6.9,9,5.9,9,11.1,999.9,53.6,*,42.8,*,0,I,999.9,0
1001599999,7/2/1995,61.383,5.867,327,"BRINGELAND, NO",45.7,11,43,11,9999.9,0,999.9,0,7,11,8,11,11.1,999.9,48.2,*,44.6,*,99.99, ,999.9,10000
1001599999,7/3/1995,61.383,5.867,327,"BRINGELAND, NO",44.7,14,44.7,14,9999.9,0,999.9,0,5.3,14,6.6,14,9.9,999.9,46.4,*,42.8,*,99.99, ,999.9,10000
1001599999,7/4/1995,61.383,5.867,327,"BRINGELAND, NO",43.9,13,40.7,13,9999.9,0,999.9,0,6.2,13,8.1,13,13,23.9,46.4,*,41,*,99.99, ,999.9,10000
1001599999,7/5/1995,61.383,5.867,327,"BRINGELAND, NO",45.3,15,37,15,9999.9,0,999.9,0,7,15,7.3,15,11.1,999.9,48.2,*,39.2,*,0,I,999.9,0
1001599999,7/6/1995,61.383,5.867,327,"BRINGELAND, NO",48.3,16,47.2,16,9999.9,0,999.9,0,4.4,16,7.4,16,9.9,999.9,50,*,46.4,*,99.99, ,999.9,110000
1001599999,7/7/1995,61.383,5.867,327,"BRINGELAND, NO",48.6,15,47,15,9999.9,0,999.9,0,6.6,15,7,15,9.9,20,50,*,46.4,*,99.99, ,999.9,10000
1001599999,7/8/1995,61.383,5.867,327,"BRINGELAND, NO",46.4,7,45.6,7,9999.9,0,999.9,0,6.2,7,5.8,7,11.1,999.9,9999.9, ,9999.9, ,99.99, ,999.9,10000
1001599999,7/9/1995,61.383,5.867,327,"BRINGELAND, NO",58.3,10,40.1,10,9999.9,0,999.9,0,6.8,10,5.8,10,8.9,999.9,60.8,*,55.4,*,0,I,999.9,0
1001599999,7/10/1995,61.383,5.867,327,"BRINGELAND, NO",60.2,14,44.3,14,9999.9,0,999.9,0,6.2,14,4.9,14,9.9,999.9,66.2,*,48.2,*,0,I,999.9,0
1001599999,7/11/1995,61.383,5.867,327,"BRINGELAND, NO",64,16,47.8,15,9999.9,0,999.9,0,6.3,16,4.6,16,8.9,999.9,69.8,*,51.8,*,0,I,999.9,0
1001599999,7/12/1995,61.383,5.867,327,"BRINGELAND, NO",63.5,16,47.3,16,9999.9,0,999.9,0,6.3,14,6.3,16,12,999.9,68,*,51.8,*,0,I,999.9,0
1001599999,7/13/1995,61.383,5.867,327,"BRINGELAND, NO",58.8,10,51.8,10,9999.9,0,999.9,0,7,10,3,10,6,999.9,62.6,*,55.4,*,0,I,999.9,0
1001599999,7/14/1995,61.383,5.867,327,"BRINGELAND, NO",64.3,15,55.4,15,9999.9,0,999.9,0,7,15,3.8,15,8.9,999.9,71.6,*,53.6,*,0,I,999.9,0
1001599999,7/15/1995,61.383,5.867,327,"BRINGELAND, NO",61.3,7,58.2,7,9999.9,0,999.9,0,6.4,7,3.4,7,8,999.9,66.2,*,59,*,99.99, ,999.9,10000
1001599999,7/16/1995,61.383,5.867,327,"BRINGELAND, NO",60,9,56.8,9,9999.9,0,999.9,0,7,9,4.7,9,8,999.9,64.4,*,57.2,*,99.99, ,999.9,10000
1001599999,7/17/1995,61.383,5.867,327,"BRINGELAND, NO",52.7,14,52.3,14,9999.9,0,999.9,0,2.5,13,3.8,14,7,999.9,55.4,*,50,*,99.99, ,999.9,110000
1001599999,7/18/1995,61.383,5.867,327,"BRINGELAND, NO",51,15,49.9,15,9999.9,0,999.9,0,6.1,15,4.1,15,6,999.9,53.6,*,50,*,99.99, ,999.9,110000
1001599999,7/19/1995,61.383,5.867,327,"BRINGELAND, NO",53.6,14,49.7,14,9999.9,0,999.9,0,7,14,3.8,14,7,999.9,57.2,*,48.2,*,0,I,999.9,0
1001599999,7/20/1995,61.383,5.867,327,"BRINGELAND, NO",55.1,14,55.1,14,9999.9,0,999.9,0,5,14,4.8,14,8.9,999.9,59,*,51.8,*,99.99, ,999.9,110000
1001599999,7/21/1995,61.383,5.867,327,"BRINGELAND, NO",50,14,49.2,14,9999.9,0,999.9,0,5.1,14,6.1,14,9.9,999.9,51.8,*,48.2,*,99.99, ,999.9,110000
1001599999,7/22/1995,61.383,5.867,327,"BRINGELAND, NO",45.1,7,44.9,7,9999.9,0,999.9,0,6.4,7,5.4,7,9.9,999.9,46.4,*,42.8,*,99.99, ,999.9,10000
1001599999,7/23/1995,61.383,5.867,327,"BRINGELAND, NO",50.4,10,45,10,9999.9,0,999.9,0,6.4,10,9.4,10,14,999.9,51.8,*,50,*,99.99, ,999.9,10000
1001599999,7/24/1995,61.383,5.867,327,"BRINGELAND, NO",50.4,15,50.4,15,9999.9,0,999.9,0,3.7,15,7.2,15,9.9,999.9,51.8,*,48.2,*,99.99, ,999.9,110000
1001599999,7/25/1995,61.383,5.867,327,"BRINGELAND, NO",52.9,16,45.7,16,9999.9,0,999.9,0,7,16,5.1,16,8.9,999.9,59,*,46.4,*,0,I,999.9,0
1001599999,7/26/1995,61.383,5.867,327,"BRINGELAND, NO",59.6,13,48.5,13,9999.9,0,999.9,0,7,13,5.8,13,14,999.9,68,*,50,*,0,I,999.9,0
1001599999,7/27/1995,61.383,5.867,327,"BRINGELAND, NO",66.4,15,49.2,15,9999.9,0,999.9,0,6.2,15,5.7,15,9.9,18.1,73.4,*,53.6,*,0,I,999.9,0
1001599999,7/28/1995,61.383,5.867,327,"BRINGELAND, NO",64,14,52.2,14,9999.9,0,999.9,0,7,14,4.1,14,7,999.9,69.8,*,57.2,*,0,I,999.9,0
1001599999,7/29/1995,61.383,5.867,327,"BRINGELAND, NO",65.1,8,57,8,9999.9,0,999.9,0,7,8,3.2,8,6,999.9,68,*,60.8,*,0,I,999.9,0
1001599999,7/30/1995,61.383,5.867,327,"BRINGELAND, NO",69.6,11,59.2,11,9999.9,0,999.9,0,6.8,11,5.3,11,9.9,999.9,73.4,*,62.6,*,0,I,999.9,0
1001599999,7/31/1995,61.383,5.867,327,"BRINGELAND, NO",72.8,9,55.4,9,9999.9,0,999.9,0,6.4,9,5.4,9,7,999.9,78.8,*,62.6,*,0,I,999.9,0
1001599999,8/1/1995,61.383,5.867,327,"BRINGELAND, NO",68.7,13,59.1,13,9999.9,0,999.9,0,7,13,6.4,13,9.9,999.9,73.4,*,60.8,*,99.99, ,999.9,10000
1001599999,8/2/1995,61.383,5.867,327,"BRINGELAND, NO",65.1,17,57.8,17,9999.9,0,999.9,0,7,17,4.7,17,8.9,999.9,71.6,*,59,*,0,I,999.9,0
1001599999,8/3/1995,61.383,5.867,327,"BRINGELAND, NO",58.9,17,54.1,17,9999.9,0,999.9,0,5.7,17,6.5,17,11.1,999.9,60.8,*,55.4,*,0,I,999.9,100000
1001599999,8/4/1995,61.383,5.867,327,"BRINGELAND, NO",57.8,15,46.6,15,9999.9,0,999.9,0,6.2,15,7.5,15,12,999.9,64.4,*,50,*,0,I,999.9,0
1001599999,8/5/1995,61.383,5.867,327,"BRINGELAND, NO",59.2,9,50.8,9,9999.9,0,999.9,0,6.3,9,5.3,9,9.9,999.9,62.6,*,51.8,*,0,I,999.9,0
1001599999,8/6/1995,61.383,5.867,327,"BRINGELAND, NO",50.2,11,45.1,11,9999.9,0,999.9,0,6.7,11,7.6,11,9.9,999.9,53.6,*,48.2,*,99.99, ,999.9,10000
1001599999,8/7/1995,61.383,5.867,327,"BRINGELAND, NO",49.2,13,41,13,9999.9,0,999.9,0,7,13,8.2,13,13,999.9,51.8,*,46.4,*,0,I,999.9,0
1001599999,8/8/1995,61.383,5.867,327,"BRINGELAND, NO",51,15,42,15,9999.9,0,999.9,0,6.8,15,7.4,14,13,20,55.4,*,42.8,*,0,I,999.9,0
1001599999,8/9/1995,61.383,5.867,327,"BRINGELAND, NO",49.4,16,48.5,16,9999.9,0,999.9,0,5.2,16,3.1,16,7,999.9,51.8,*,44.6,*,99.99, ,999.9,110000
1001599999,8/10/1995,61.383,5.867,327,"BRINGELAND, NO",57,15,47.5,15,9999.9,0,999.9,0,5.4,15,4,15,8,999.9,64.4,*,50,*,0,I,999.9,100000
1001599999,8/11/1995,61.383,5.867,327,"BRINGELAND, NO",63.7,16,52.6,16,9999.9,0,999.9,0,6.2,16,4.5,16,9.9,999.9,71.6,*,51.8,*,0,I,999.9,0
1001599999,8/12/1995,61.383,5.867,327,"BRINGELAND, NO",68.4,8,45.7,8,9999.9,0,999.9,0,6.2,8,7.3,8,13,999.9,73.4,*,57.2,*,0,I,999.9,0
1001599999,8/13/1995,61.383,5.867,327,"BRINGELAND, NO",52.4,9,52.4,9,9999.9,0,999.9,0,2.7,9,7.6,9,13,22.9,55.4,*,50,*,99.99, ,999.9,10000
1001599999,8/14/1995,61.383,5.867,327,"BRINGELAND, NO",51.5,13,49.9,13,9999.9,0,999.9,0,5.8,13,4.3,13,7,999.9,53.6,*,48.2,*,99.99, ,999.9,110000
1001599999,8/15/1995,61.383,5.867,327,"BRINGELAND, NO",53.6,14,53.6,14,9999.9,0,999.9,0,2.6,14,6.2,14,8,999.9,55.4,*,51.8,*,99.99, ,999.9,110000
1001599999,8/16/1995,61.383,5.867,327,"BRINGELAND, NO",54.7,13,54.7,13,9999.9,0,999.9,0,0.9,13,5.1,13,7,999.9,57.2,*,51.8,*,99.99, ,999.9,110000
1001599999,8/17/1995,61.383,5.867,327,"BRINGELAND, NO",58.5,15,57.6,15,9999.9,0,999.9,0,4.7,15,3.3,15,6,999.9,60.8,*,55.4,*,99.99, ,999.9,110000
1001599999,8/18/1995,61.383,5.867,327,"BRINGELAND, NO",60.3,15,54.4,15,9999.9,0,999.9,0,7,15,4.6,15,9.9,999.9,68,*,53.6,*,0,I,999.9,100000
1001599999,8/19/1995,61.383,5.867,327,"BRINGELAND, NO",58.1,10,51.8,10,9999.9,0,999.9,0,7,10,5.3,10,8,999.9,64.4,*,51.8,*,0,I,999.9,100000
1001599999,8/20/1995,61.383,5.867,327,"BRINGELAND, NO",63.3,10,46.4,10,9999.9,0,999.9,0,6.3,10,4.1,10,5.1,999.9,69.8,*,55.4,*,0,I,999.9,0
1001599999,8/21/1995,61.383,5.867,327,"BRINGELAND, NO",63.2,13,48.5,13,9999.9,0,999.9,0,6.5,13,6.4,13,8.9,999.9,68,*,50,*,0,I,999.9,0
1001599999,8/22/1995,61.383,5.867,327,"BRINGELAND, NO",55,14,54.5,14,9999.9,0,999.9,0,2.9,14,4.3,14,8.9,999.9,59,*,51.8,*,99.99, ,999.9,110000
1001599999,8/23/1995,61.383,5.867,327,"BRINGELAND, NO",53.4,15,50.1,15,9999.9,0,999.9,0,5.5,15,5.2,15,9.9,999.9,57.2,*,48.2,*,0,I,999.9,100000
1001599999,8/24/1995,61.383,5.867,327,"BRINGELAND, NO",49.6,14,46.3,14,9999.9,0,999.9,0,6.6,14,5.2,14,8,999.9,51.8,*,48.2,*,99.99, ,999.9,110000
1001599999,8/25/1995,61.383,5.867,327,"BRINGELAND, NO",50.9,16,46.8,16,9999.9,0,999.9,0,5.9,16,6.7,16,13,999.9,53.6,*,48.2,*,99.99, ,999.9,10000
1001599999,8/26/1995,61.383,5.867,327,"BRINGELAND, NO",49,7,42.5,7,9999.9,0,999.9,0,7,7,6.4,7,8.9,999.9,51.8,*,46.4,*,0,I,999.9,0
1001599999,8/27/1995,61.383,5.867,327,"BRINGELAND, NO",48.6,9,38.6,9,9999.9,0,999.9,0,7,9,8.7,9,12,21,53.6,*,44.6,*,0,I,999.9,0
1001599999,8/28/1995,61.383,5.867,327,"BRINGELAND, NO",45,17,38.2,17,9999.9,0,999.9,0,7,17,7.6,17,14,999.9,48.2,*,42.8,*,0,I,999.9,0
1001599999,8/29/1995,61.383,5.867,327,"BRINGELAND, NO",44.8,17,39.2,17,9999.9,0,999.9,0,7,17,5.1,17,9.9,999.9,48.2,*,41,*,0,I,999.9,0
1001599999,8/30/1995,61.383,5.867,327,"BRINGELAND, NO",46.1,12,36.8,12,9999.9,0,999.9,0,7,12,5.4,12,9.9,999.9,51.8,*,39.2,*,0,I,999.9,0
1001599999,8/31/1995,61.383,5.867,327,"BRINGELAND, NO",51.3,17,44.4,17,9999.9,0,999.9,0,7,17,3.6,17,8,999.9,59,*,42.8,*,0,I,999.9,0
1001599999,9/1/1995,61.383,5.867,327,"BRINGELAND, NO",54.5,16,48.4,16,9999.9,0,999.9,0,6.8,16,5,16,8,999.9,62.6,*,46.4,*,0,I,999.9,0
1001599999,9/2/1995,61.383,5.867,327,"BRINGELAND, NO",58.6,5,46.8,5,9999.9,0,999.9,0,7,5,3.5,5,8.9,999.9,64.4,*,50,*,0,I,999.9,0
1001599999,9/3/1995,61.383,5.867,327,"BRINGELAND, NO",56.8,5,47.8,5,9999.9,0,999.9,0,7,5,7.2,5,8.9,999.9,59,*,53.6,*,99.99, ,999.9,10000
1001599999,9/4/1995,61.383,5.867,327,"BRINGELAND, NO",59.4,14,50.9,14,9999.9,0,999.9,0,7,14,7.1,14,12,999.9,66.2,*,55.4,*,99.99, ,999.9,10000
1001599999,9/5/1995,61.383,5.867,327,"BRINGELAND, NO",58.7,14,44.9,14,9999.9,0,999.9,0,7,14,8.3,14,12,999.9,62.6,*,53.6,*,0,I,999.9,0
1001599999,9/6/1995,61.383,5.867,327,"BRINGELAND, NO",59.3,16,49,16,9999.9,0,999.9,0,7,16,6.3,16,12,999.9,64.4,*,53.6,*,99.99, ,999.9,10000
1001599999,9/7/1995,61.383,5.867,327,"BRINGELAND, NO",59.7,15,45.6,15,9999.9,0,999.9,0,7,14,3.8,15,8,999.9,64.4,*,53.6,*,0,I,999.9,0
1001599999,9/8/1995,61.383,5.867,327,"BRINGELAND, NO",61.4,17,45.7,17,9999.9,0,999.9,0,7,17,9,17,13,22,66.2,*,53.6,*,0,I,999.9,0
1001599999,9/9/1995,61.383,5.867,327,"BRINGELAND, NO",63.4,7,46.9,7,9999.9,0,999.9,0,7,7,9.4,7,11.1,999.9,66.2,*,57.2,*,0,I,999.9,0
1001599999,9/10/1995,61.383,5.867,327,"BRINGELAND, NO",61.9,10,44.4,10,9999.9,0,999.9,0,7,10,6.7,10,9.9,999.9,64.4,*,57.2,*,0,I,999.9,0
1001599999,9/11/1995,61.383,5.867,327,"BRINGELAND, NO",58.1,14,47.2,14,9999.9,0,999.9,0,7,14,5,14,8,16.9,64.4,*,53.6,*,0,I,999.9,0
1001599999,9/12/1995,61.383,5.867,327,"BRINGELAND, NO",59.6,12,46.1,12,9999.9,0,999.9,0,6.8,12,5,12,8,18.1,66.2,*,50,*,0,I,999.9,0
1001599999,9/13/1995,61.383,5.867,327,"BRINGELAND, NO",55.8,15,48.7,15,9999.9,0,999.9,0,6.9,15,3.1,15,6,999.9,60.8,*,50,*,0,I,999.9,0
1001599999,9/14/1995,61.383,5.867,327,"BRINGELAND, NO",57.2,14,46.1,14,9999.9,0,999.9,0,7,14,7,14,9.9,999.9,62.6,*,51.8,*,0,I,999.9,0
1001599999,9/15/1995,61.383,5.867,327,"BRINGELAND, NO",56.5,13,40.3,13,9999.9,0,999.9,0,7,13,10.4,13,16.9,20,59,*,53.6,*,99.99, ,999.9,10000
1001599999,9/16/1995,61.383,5.867,327,"BRINGELAND, NO",55.8,9,38.2,9,9999.9,0,999.9,0,7,9,9.8,9,12,999.9,59,*,51.8,*,0,I,999.9,0
1001599999,9/17/1995,61.383,5.867,327,"BRINGELAND, NO",56.4,7,41,7,9999.9,0,999.9,0,7,7,4.9,7,7,999.9,60.8,*,51.8,*,0,I,999.9,0
1001599999,9/18/1995,61.383,5.867,327,"BRINGELAND, NO",50.7,15,46.4,15,9999.9,0,999.9,0,7,15,3.9,15,6,999.9,51.8,*,48.2,*,0,I,999.9,0
1001599999,9/19/1995,61.383,5.867,327,"BRINGELAND, NO",47.3,16,47.3,16,9999.9,0,999.9,0,5.5,16,1.6,16,2.9,999.9,48.2,*,46.4,*,99.99, ,999.9,110000
1001599999,9/20/1995,61.383,5.867,327,"BRINGELAND, NO",43.6,17,43.6,17,9999.9,0,999.9,0,4.1,17,2.9,17,4.1,999.9,44.6,*,41,*,99.99, ,999.9,110000
1001599999,9/21/1995,61.383,5.867,327,"BRINGELAND, NO",49.9,14,47.3,14,9999.9,0,999.9,0,5.7,14,4.1,14,7,999.9,53.6,*,46.4,*,99.99, ,999.9,110000
1001599999,9/22/1995,61.383,5.867,327,"BRINGELAND, NO",45.7,16,45.4,16,9999.9,0,999.9,0,5.3,16,6.1,16,9.9,20,48.2,*,42.8,*,99.99, ,999.9,10000
1001599999,9/23/1995,61.383,5.867,327,"BRINGELAND, NO",41.9,6,39.5,6,9999.9,0,999.9,0,7,6,7.5,6,13,999.9,46.4,*,39.2,*,99.99, ,999.9,10000
1001599999,9/24/1995,61.383,5.867,327,"BRINGELAND, NO",43.3,7,42,7,9999.9,0,999.9,0,6.4,7,5.5,7,12,999.9,44.6,*,41,*,99.99, ,999.9,10000
1001599999,9/25/1995,61.383,5.867,327,"BRINGELAND, NO",41.1,14,39.8,14,9999.9,0,999.9,0,5.7,14,13.1,14,25.1,35.9,46.4,*,37.4,*,99.99, ,999.9,10000
1001599999,9/26/1995,61.383,5.867,327,"BRINGELAND, NO",40.4,15,39.6,15,9999.9,0,999.9,0,6.5,14,9.9,15,18.1,32.1,42.8,*,37.4,*,99.99, ,999.9,11100
1001599999,9/27/1995,61.383,5.867,327,"BRINGELAND, NO",38.8,15,34.8,15,9999.9,0,999.9,0,6.9,15,6.1,15,12,999.9,42.8,*,33.8,*,99.99, ,999.9,10000
1001599999,9/28/1995,61.383,5.867,327,"BRINGELAND, NO",36.8,12,31.8,12,9999.9,0,999.9,0,7,12,6.1,12,12,999.9,42.8,*,32,*,99.99, ,999.9,10000
1001599999,9/29/1995,61.383,5.867,327,"BRINGELAND, NO",37.4,13,26.9,13,9999.9,0,999.9,0,6.9,13,3.1,13,6,999.9,42.8,*,28.4,*,0,I,999.9,0
1001599999,9/30/1995,61.383,5.867,327,"BRINGELAND, NO",39.9,5,24.8,5,9999.9,0,999.9,0,6.5,5,4.9,5,7,999.9,44.6,*,33.8,*,0,I,999.9,0
1001599999,10/1/1995,61.383,5.867,327,"BRINGELAND, NO",40.8,10,18,10,9999.9,0,999.9,0,7,8,6.4,10,11.1,21,42.8,*,33.8,*,99.99, ,999.9,10000
1001599999,10/2/1995,61.383,5.867,327,"BRINGELAND, NO",43.8,13,42.8,13,9999.9,0,999.9,0,6.9,13,5,13,8,18.1,46.4,*,37.4,*,99.99, ,999.9,10000
1001599999,10/3/1995,61.383,5.867,327,"BRINGELAND, NO",49.2,14,48.6,14,9999.9,0,999.9,0,5.4,14,7.8,14,12,22,50,*,48.2,*,99.99, ,999.9,10000
1001599999,10/4/1995,61.383,5.867,327,"BRINGELAND, NO",53.1,11,45.3,11,9999.9,0,999.9,0,7,11,4.6,11,7,999.9,57.2,*,48.2,*,99.99, ,999.9,10000
1001599999,10/5/1995,61.383,5.867,327,"BRINGELAND, NO",52.8,14,42,14,9999.9,0,999.9,0,6.8,13,10.4,14,20,33,55.4,*,46.4,*,99.99, ,999.9,10000
1001599999,10/6/1995,61.383,5.867,327,"BRINGELAND, NO",48.9,15,41.1,15,9999.9,0,999.9,0,6.6,15,12.3,15,22,25.1,51.8,*,44.6,*,99.99, ,999.9,10000
1001599999,10/7/1995,61.383,5.867,327,"BRINGELAND, NO",48.2,9,48.2,9,9999.9,0,999.9,0,1.6,9,9.5,9,15,999.9,50,*,46.4,*,99.99, ,999.9,110000
1001599999,10/8/1995,61.383,5.867,327,"BRINGELAND, NO",52.8,7,52.1,7,9999.9,0,999.9,0,6.7,7,12.9,7,18.1,28,55.4,*,48.2,*,99.99, ,999.9,10000
1001599999,10/9/1995,61.383,5.867,327,"BRINGELAND, NO",59.5,12,50.1,12,9999.9,0,999.9,0,6.8,12,10.9,12,20,29.9,66.2,*,53.6,*,99.99, ,999.9,10000
1001599999,10/10/1995,61.383,5.867,327,"BRINGELAND, NO",46.6,17,42.2,17,9999.9,0,999.9,0,6.3,16,8.9,17,22.9,34,51.8,*,42.8,*,99.99, ,999.9,10000
1001599999,10/11/1995,61.383,5.867,327,"BRINGELAND, NO",45.3,15,40.9,15,9999.9,0,999.9,0,7,15,6.1,15,9.9,19,48.2,*,42.8,*,99.99, ,999.9,10000
1001599999,10/12/1995,61.383,5.867,327,"BRINGELAND, NO",46.8,17,43.8,17,9999.9,0,999.9,0,5.1,17,10.2,17,18.1,999.9,51.8,*,44.6,*,99.99, ,999.9,110000
1001599999,10/13/1995,61.383,5.867,327,"BRINGELAND, NO",41.5,11,38.7,11,9999.9,0,999.9,0,7,11,5,11,6,999.9,44.6,*,39.2,*,99.99, ,999.9,10000
1001599999,10/14/1995,61.383,5.867,327,"BRINGELAND, NO",44.6,7,37.7,7,9999.9,0,999.9,0,6.8,7,3.1,7,5.1,999.9,46.4,*,39.2,*,99.99, ,999.9,10000
1001599999,10/15/1995,61.383,5.867,327,"BRINGELAND, NO",52,8,48.7,8,9999.9,0,999.9,0,5.6,8,9.3,8,15.9,999.9,53.6,*,50,*,99.99, ,999.9,10000
1001599999,10/16/1995,61.383,5.867,327,"BRINGELAND, NO",50.4,13,49.7,13,9999.9,0,999.9,0,4.9,13,5.3,13,8,999.9,51.8,*,50,*,99.99, ,999.9,110000
1001599999,10/17/1995,61.383,5.867,327,"BRINGELAND, NO",48.8,12,48.5,12,9999.9,0,999.9,0,4.7,10,11.9,12,18.1,28,50,*,42.8,*,99.99, ,999.9,10000
1001599999,10/18/1995,61.383,5.867,327,"BRINGELAND, NO",42.4,12,42.4,12,9999.9,0,999.9,0,2.7,12,7,12,15,999.9,48.2,*,37.4,*,99.99, ,999.9,110000
1001599999,10/19/1995,61.383,5.867,327,"BRINGELAND, NO",41.3,12,39.2,12,9999.9,0,999.9,0,6.3,11,13.1,12,21,35.9,42.8,*,39.2,*,99.99, ,999.9,10000
1001599999,10/20/1995,61.383,5.867,327,"BRINGELAND, NO",36.5,10,33.6,10,9999.9,0,999.9,0,5.6,10,9.8,10,16.9,27,39.2,*,33.8,*,99.99, ,999.9,11100
1001599999,10/21/1995,61.383,5.867,327,"BRINGELAND, NO",34.5,10,32.2,10,9999.9,0,999.9,0,4.1,10,3.7,10,6,999.9,37.4,*,32,*,0,I,999.9,100000
1001599999,10/22/1995,61.383,5.867,327,"BRINGELAND, NO",43.2,9,42.4,9,9999.9,0,999.9,0,6.2,9,7.7,9,19,30.9,44.6,*,41,*,99.99, ,999.9,10000
1001599999,10/23/1995,61.383,5.867,327,"BRINGELAND, NO",43.1,13,39.8,13,9999.9,0,999.9,0,5.8,13,4.2,13,7,999.9,46.4,*,41,*,99.99, ,999.9,110000
1001599999,10/24/1995,61.383,5.867,327,"BRINGELAND, NO",51,16,43.1,16,9999.9,0,999.9,0,7,16,7.7,16,12,22,55.4,*,48.2,*,99.99, ,999.9,10000
1001599999,10/25/1995,61.383,5.867,327,"BRINGELAND, NO",50.3,12,41.3,12,9999.9,0,999.9,0,6.6,12,11.3,12,23.9,44.9,59,*,42.8,*,99.99, ,999.9,10000
1001599999,10/26/1995,61.383,5.867,327,"BRINGELAND, NO",46.2,16,45.7,16,9999.9,0,999.9,0,3.7,15,12.3,16,20,35,50,*,44.6,*,99.99, ,999.9,110000
1001599999,10/27/1995,61.383,5.867,327,"BRINGELAND, NO",42,15,42,15,9999.9,0,999.9,0,5.8,15,5.8,15,11.1,999.9,48.2,*,39.2,*,99.99, ,999.9,110000
1001599999,10/28/1995,61.383,5.867,327,"BRINGELAND, NO",39.2,6,38.9,6,9999.9,0,999.9,0,4.5,6,7.1,6,9.9,999.9,41,*,37.4,*,99.99, ,999.9,10000
1001599999,10/29/1995,61.383,5.867,327,"BRINGELAND, NO",37.1,7,36.9,7,9999.9,0,999.9,0,7,7,2.1,7,2.9,999.9,39.2,*,35.6,*,99.99, ,999.9,10000
1001599999,10/30/1995,61.383,5.867,327,"BRINGELAND, NO",36.8,15,36.8,15,9999.9,0,999.9,0,5.7,15,3.2,15,5.1,999.9,39.2,*,35.6,*,99.99, ,999.9,110000
1001599999,10/31/1995,61.383,5.867,327,"BRINGELAND, NO",38.9,13,38.8,13,9999.9,0,999.9,0,4.7,13,3.1,13,5.1,999.9,41,*,37.4,*,99.99, ,999.9,110000
1001599999,11/1/1995,61.383,5.867,327,"BRINGELAND, NO",33,12,32.1,12,9999.9,0,999.9,0,6.8,12,2.7,12,2.9,999.9,35.6,*,30.2,*,99.99, ,999.9,1000
1001599999,11/2/1995,61.383,5.867,327,"BRINGELAND, NO",34.9,13,32.8,13,9999.9,0,999.9,0,3.9,12,6.3,13,11.1,999.9,39.2,*,32,*,99.99, ,999.9,111000
1001599999,11/3/1995,61.383,5.867,327,"BRINGELAND, NO",30.5,14,17.1,14,9999.9,0,999.9,0,6.6,14,9.7,14,15.9,16.9,33.8,*,26.6,*,99.99, ,999.9,1000
1001599999,11/4/1995,61.383,5.867,327,"BRINGELAND, NO",27,8,13.8,8,9999.9,0,999.9,0,6.2,8,1.7,8,2.9,999.9,32,*,21.2,*,0,I,999.9,0
1001599999,11/5/1995,61.383,5.867,327,"BRINGELAND, NO",33.8,6,33.8,6,9999.9,0,999.9,0,1.1,6,4.2,6,6,999.9,35.6,*,32,*,99.99, ,999.9,111000
1001599999,11/6/1995,61.383,5.867,327,"BRINGELAND, NO",37.8,14,33.7,14,9999.9,0,999.9,0,5.6,14,6.3,14,8.9,999.9,41,*,33.8,*,99.99, ,999.9,110000
1001599999,11/7/1995,61.383,5.867,327,"BRINGELAND, NO",33.4,13,30.3,13,9999.9,0,999.9,0,7,13,2.4,13,5.1,999.9,35.6,*,32,*,99.99, ,999.9,10000
1001599999,11/8/1995,61.383,5.867,327,"BRINGELAND, NO",40.5,14,39.7,14,9999.9,0,999.9,0,5,14,6.8,14,16.9,999.9,42.8,*,37.4,*,99.99, ,999.9,110000
1001599999,11/9/1995,61.383,5.867,327,"BRINGELAND, NO",33.9,13,33.9,13,9999.9,0,999.9,0,5.8,13,2.4,13,5.1,999.9,35.6,*,32,*,99.99, ,999.9,111000
1001599999,11/10/1995,61.383,5.867,327,"BRINGELAND, NO",35,9,32.2,9,9999.9,0,999.9,0,6.7,9,2.7,9,2.9,999.9,39.2,*,30.2,*,0,I,999.9,0
1001599999,11/11/1995,61.383,5.867,327,"BRINGELAND, NO",38.3,8,21,8,9999.9,0,999.9,0,6.2,8,4.3,8,7,999.9,42.8,*,32,*,0,I,999.9,0
1001599999,11/12/1995,61.383,5.867,327,"BRINGELAND, NO",32.4,10,18,10,9999.9,0,999.9,0,6.2,10,2.7,10,2.9,999.9,37.4,*,28.4,*,0,I,999.9,0
1001599999,11/13/1995,61.383,5.867,327,"BRINGELAND, NO",29,12,14,12,9999.9,0,999.9,0,6.3,12,2.8,12,5.1,999.9,33.8,*,24.8,*,0,I,999.9,0
1001599999,11/14/1995,61.383,5.867,327,"BRINGELAND, NO",32.3,11,32.2,11,9999.9,0,999.9,0,2.8,11,2.9,11,8,999.9,35.6,*,30.2,*,99.99, ,999.9,111000
1001599999,11/15/1995,61.383,5.867,327,"BRINGELAND, NO",26.1,10,23.5,10,9999.9,0,999.9,0,6.5,10,6.1,10,8,999.9,28.4,*,24.8,*,0,I,999.9,0
1001599999,11/16/1995,61.383,5.867,327,"BRINGELAND, NO",22.7,14,17.3,14,9999.9,0,999.9,0,6.6,14,5.5,14,9.9,999.9,26.6,*,19.4,*,0,I,999.9,0
1001599999,11/17/1995,61.383,5.867,327,"BRINGELAND, NO",22.2,12,9.5,12,9999.9,0,999.9,0,6.5,12,5,12,8,999.9,26.6,*,19.4,*,99.99, ,999.9,1000
1001599999,11/18/1995,61.383,5.867,327,"BRINGELAND, NO",27.7,5,27,5,9999.9,0,999.9,0,2,5,5.6,5,12,999.9,32,*,23,*,99.99, ,999.9,1000
1001599999,11/19/1995,61.383,5.867,327,"BRINGELAND, NO",25.2,5,19.4,5,9999.9,0,999.9,0,7,5,3.4,5,6,999.9,28.4,*,23,*,0,I,999.9,0
1001599999,11/20/1995,61.383,5.867,327,"BRINGELAND, NO",29.3,12,27.2,12,9999.9,0,999.9,0,6.1,12,5.1,12,8.9,999.9,33.8,*,24.8,*,99.99, ,999.9,11000
1001599999,11/21/1995,61.383,5.867,327,"BRINGELAND, NO",37.7,12,34,12,9999.9,0,999.9,0,7,12,7.9,12,15,999.9,41,*,35.6,*,99.99, ,999.9,10000
1001599999,11/22/1995,61.383,5.867,327,"BRINGELAND, NO",38.7,14,36.2,14,9999.9,0,999.9,0,6.4,14,7.4,14,13,999.9,41,*,35.6,*,99.99, ,999.9,10000
1001599999,11/23/1995,61.383,5.867,327,"BRINGELAND, NO",37.9,14,37.5,14,9999.9,0,999.9,0,4.1,13,10.9,14,20,30.9,42.8,*,35.6,*,99.99, ,999.9,110000
1001599999,11/24/1995,61.383,5.867,327,"BRINGELAND, NO",39.9,10,39.6,10,9999.9,0,999.9,0,4.6,10,4.8,10,9.9,999.9,42.8,*,35.6,*,99.99, ,999.9,10000
1001599999,11/25/1995,61.383,5.867,327,"BRINGELAND, NO",41,7,41,7,9999.9,0,999.9,0,6.8,7,2.5,7,2.9,999.9,9999.9, ,9999.9, ,99.99, ,999.9,10000
1001599999,11/26/1995,61.383,5.867,327,"BRINGELAND, NO",40.3,5,40.3,5,9999.9,0,999.9,0,3.6,5,4.6,5,6,999.9,41,*,39.2,*,99.99, ,999.9,10000
1001599999,11/27/1995,61.383,5.867,327,"BRINGELAND, NO",39.2,14,38.3,14,9999.9,0,999.9,0,6.6,14,5.4,14,8,999.9,9999.9, ,9999.9, ,99.99, ,999.9,10000
1001599999,11/28/1995,61.383,5.867,327,"BRINGELAND, NO",35.5,12,34.2,12,9999.9,0,999.9,0,6.7,12,2.8,12,4.1,999.9,37.4,*,33.8,*,99.99, ,999.9,10000
1001599999,11/29/1995,61.383,5.867,327,"BRINGELAND, NO",35.1,14,35.1,14,9999.9,0,999.9,0,7,14,2.8,14,4.1,999.9,37.4,*,33.8,*,99.99, ,999.9,10000
1001599999,11/30/1995,61.383,5.867,327,"BRINGELAND, NO",33.5,14,33.3,14,9999.9,0,999.9,0,6.9,14,2.5,14,5.1,999.9,37.4,*,30.2,*,0,I,999.9,0
1001599999,12/1/1995,61.383,5.867,327,"BRINGELAND, NO",32.4,14,27.5,14,9999.9,0,999.9,0,6.6,14,2.3,14,5.1,999.9,37.4,*,28.4,*,0,I,999.9,0
1001599999,12/2/1995,61.383,5.867,327,"BRINGELAND, NO",35.6,9,21.6,9,9999.9,0,999.9,0,6.2,9,3,9,4.1,999.9,39.2,*,32,*,0,I,999.9,0
1001599999,12/3/1995,61.383,5.867,327,"BRINGELAND, NO",36.9,10,19.2,10,9999.9,0,999.9,0,6.2,10,5.5,10,8.9,999.9,39.2,*,33.8,*,0,I,999.9,0
1001599999,12/4/1995,61.383,5.867,327,"BRINGELAND, NO",30,11,18.9,11,9999.9,0,999.9,0,7,11,3.1,11,5.1,999.9,33.8,*,24.8,*,0,I,999.9,0
1001599999,12/5/1995,61.383,5.867,327,"BRINGELAND, NO",25,10,18.7,10,9999.9,0,999.9,0,6.2,10,1.7,10,2.9,999.9,26.6,*,23,*,0,I,999.9,0
1001599999,12/6/1995,61.383,5.867,327,"BRINGELAND, NO",29.3,10,11.2,9,9999.9,0,999.9,0,6.2,10,3,10,5.1,999.9,33.8,*,24.8,*,0,I,999.9,0
1001599999,12/7/1995,61.383,5.867,327,"BRINGELAND, NO",31.7,16,13,16,9999.9,0,999.9,0,6.6,16,5.8,16,8.9,999.9,33.8,*,28.4,*,0,I,999.9,0
1001599999,12/8/1995,61.383,5.867,327,"BRINGELAND, NO",31.5,14,17.6,14,9999.9,0,999.9,0,7,14,6.8,14,9.9,999.9,33.8,*,30.2,*,0,I,999.9,0
1001599999,12/9/1995,61.383,5.867,327,"BRINGELAND, NO",35.1,7,31.5,7,9999.9,0,999.9,0,6.7,7,9.7,7,12,21,35.6,*,33.8,*,99.99, ,999.9,1000
1001599999,12/10/1995,61.383,5.867,327,"BRINGELAND, NO",42.8,7,42.8,7,9999.9,0,999.9,0,0.9,7,3.7,7,8,999.9,9999.9, ,9999.9, ,99.99, ,999.9,110000
1001599999,12/11/1995,61.383,5.867,327,"BRINGELAND, NO",39.4,19,39.4,19,9999.9,0,999.9,0,4.3,19,2.1,19,2.9,999.9,41,*,37.4,*,99.99, ,999.9,110000
1001599999,12/12/1995,61.383,5.867,327,"BRINGELAND, NO",39.7,15,37.4,15,9999.9,0,999.9,0,4.5,15,7.1,15,12,19,42.8,*,35.6,*,99.99, ,999.9,110000
1001599999,12/13/1995,61.383,5.867,327,"BRINGELAND, NO",31.9,13,21.3,13,9999.9,0,999.9,0,6.8,13,7.7,13,12,999.9,33.8,*,30.2,*,0,I,999.9,0
1001599999,12/14/1995,61.383,5.867,327,"BRINGELAND, NO",29.4,15,21,15,9999.9,0,999.9,0,6.8,15,4.4,15,6,999.9,32,*,26.6,*,0,I,999.9,0
1001599999,12/15/1995,61.383,5.867,327,"BRINGELAND, NO",29.1,13,26.5,13,9999.9,0,999.9,0,6.2,13,4.4,13,8,999.9,32,*,24.8,*,0,I,999.9,0
1001599999,12/16/1995,61.383,5.867,327,"BRINGELAND, NO",27.8,9,25.8,9,9999.9,0,999.9,0,7,9,2.3,9,5.1,999.9,30.2,*,24.8,*,0,I,999.9,0
1001599999,12/17/1995,61.383,5.867,327,"BRINGELAND, NO",28.4,9,28.4,9,9999.9,0,999.9,0,4.9,9,2.4,9,4.1,999.9,35.6,*,24.8,*,99.99, ,999.9,1000
1001599999,12/18/1995,61.383,5.867,327,"BRINGELAND, NO",24.2,14,18.5,14,9999.9,0,999.9,0,7,13,4.2,14,9.9,999.9,28.4,*,17.6,*,99.99, ,999.9,1000
1001599999,12/19/1995,61.383,5.867,327,"BRINGELAND, NO",20.7,14,18.2,14,9999.9,0,999.9,0,4.1,14,5,14,8.9,999.9,24.8,*,17.6,*,99.99, ,999.9,101000
1001599999,12/20/1995,61.383,5.867,327,"BRINGELAND, NO",17.3,13,16.4,13,9999.9,0,999.9,0,4.5,13,2.9,13,4.1,999.9,19.4,*,15.8,*,99.99, ,999.9,1000
1001599999,12/21/1995,61.383,5.867,327,"BRINGELAND, NO",16.7,12,16.7,12,9999.9,0,999.9,0,5.2,12,1.5,11,2.9,999.9,17.6,*,14,*,99.99, ,999.9,1000
1001599999,12/22/1995,61.383,5.867,327,"BRINGELAND, NO",16.1,12,16.1,12,9999.9,0,999.9,0,6.3,12,2.5,12,4.1,999.9,17.6,*,12.2,*,99.99, ,999.9,1000
1001599999,12/23/1995,61.383,5.867,327,"BRINGELAND, NO",9.9,8,8.4,8,9999.9,0,999.9,0,7,8,2.9,8,2.9,999.9,12.2,*,6.8,*,0,I,999.9,0
1001599999,12/24/1995,61.383,5.867,327,"BRINGELAND, NO",17.6,4,17.6,4,9999.9,0,999.9,0,7,4,2.9,4,2.9,999.9,9999.9, ,9999.9, ,0,I,999.9,0
1001599999,12/26/1995,61.383,5.867,327,"BRINGELAND, NO",9.7,5,4.3,5,9999.9,0,999.9,0,7,5,3.8,5,5.1,999.9,12.2,*,6.8,*,99.99, ,999.9,1000
1001599999,12/27/1995,61.383,5.867,327,"BRINGELAND, NO",14.6,6,13.1,6,9999.9,0,999.9,0,7,6,1.8,6,2.9,999.9,19.4,*,10.4,*,0,I,999.9,0
1001599999,12/28/1995,61.383,5.867,327,"BRINGELAND, NO",14.4,10,11.7,10,9999.9,0,999.9,0,5.2,10,3.4,10,5.1,999.9,19.4,*,8.6,*,99.99, ,999.9,1000
1001599999,12/29/1995,61.383,5.867,327,"BRINGELAND, NO",25.1,11,22.8,11,9999.9,0,999.9,0,5.4,11,4.3,11,7,999.9,28.4,*,23,*,99.99, ,999.9,1000
1001599999,12/30/1995,61.383,5.867,327,"BRINGELAND, NO",28.8,8,28.8,8,9999.9,0,999.9,0,3,8,5.5,8,13,999.9,30.2,*,26.6,*,99.99, ,999.9,101000
